{
	"layers": {
		"place":            { "minzoom":  0, "maxzoom": 14 },
		"boundary":         { "minzoom":  0, "maxzoom": 14, "simplify_below": 12, "simplify_level": 0.0003, "simplify_ratio": 2, "simplify_algorithm": "visvalingam" },

		"poi":              { "minzoom": 20, "maxzoom": 20 },
		"poi_detail":       { "minzoom": 20, "maxzoom": 20, "write_to": "poi"},

		"housenumber":      { "minzoom": 20, "maxzoom": 20 },

		"waterway":         { "minzoom":  8,  "maxzoom": 14, "simplify_below": 12, "simplify_level": 0.0003, "simplify_ratio": 2 },
		"waterway_detail":  { "minzoom": 12,  "maxzoom": 14, "write_to": "waterway" },

		"transportation":             { "minzoom": 4,  "maxzoom": 14, "simplify_below": 13, "simplify_level": 0.0003 },
		"transportation_name":        { "minzoom": 8,  "maxzoom": 14 },

		"building":          { "minzoom": 20, "maxzoom": 20 },

		"water":             { "minzoom": 6,  "maxzoom": 14, "simplify_below": 12, "simplify_level": 0.0003, "simplify_ratio": 2},
		"ocean":             { "minzoom": 0,  "maxzoom": 14, "source": "coastline/water_polygons.shp", "filter_below": 12, "filter_area": 0.5, "simplify_below": 13, "simplify_level": 0.0001, "simplify_ratio": 2, "simplify_algorithm": "visvalingam", "write_to": "water" },
		"water_name":        { "minzoom": 14, "maxzoom": 14 },
		"water_name_detail": { "minzoom": 14, "maxzoom": 14, "write_to": "water_name" },

		"aeroway":           { "minzoom": 11, "maxzoom": 14 },
		"aerodrome_label":   { "minzoom": 10, "maxzoom": 14 },
		"park":              { "minzoom": 11, "maxzoom": 14 },
		"landuse":           { "minzoom": 20, "maxzoom": 20, "simplify_below": 13, "simplify_level": 0.0003, "simplify_ratio": 2 },
		"urban_areas":       { "minzoom": 20, "maxzoom": 20, "source": "landcover/ne_10m_urban_areas/ne_10m_urban_areas.shp", "source_columns": ["featurecla"], "simplify_below": 7, "simplify_level": 0.0003, "simplify_ratio": 2, "write_to": "landuse" },
		"landcover":         { "minzoom":  0, "maxzoom": 14, "simplify_below": 13, "simplify_level": 0.0003, "simplify_ratio": 2 },
		"mountain_peak":     { "minzoom": 20, "maxzoom": 20 }
	},
	"settings": {
		"minzoom": 0,
		"maxzoom": 14,
		"basezoom": 14,
		"include_ids": false,
		"combine_below": 14,
		"name": "Tilemaker to OpenMapTiles schema",
		"version": "3.0",
		"description": "Tile config based on OpenMapTiles schema",
		"compress": "gzip",
		"filemetadata": {
			"tilejson": "2.0.0", 
			"scheme": "xyz", 
			"type": "baselayer", 
			"format": "pbf", 
            "tiles": ["https://example.com/liechtenstein/{z}/{x}/{y}.pbf"]
		}
	}
}

