{
  "https://www.newindianexpress.com/bengaluru/2017/Oct/18/kurubarahalli-residents-struggle-to-make-ends-meet-after-heavy-rains-1677053.html": {
    "url": "https://www.newindianexpress.com/bengaluru/2017/Oct/18/kurubarahalli-residents-struggle-to-make-ends-meet-after-heavy-rains-1677053.html",
    "title": "Kurubarahalli residents struggle to make ends meet after heavy rains",
    "description": "Residents of Kurubarahalli can only recollect horrifying experiences of the day it rained. The others remember being in neck-deep water and rescued back to safe",
    "image": "https://media.assettype.com/TNIE%2Fimport%2F2017%2F10%2F18%2Foriginal%2FKurubarahalli_residents.jpg?w=1200&ar=40%3A21&auto=format%2Ccompress&ogImage=true&mode=crop&enlarge=true&overlay=false&overlay_position=bottom&overlay_width=100",
    "favicon": "/src/lib/assets/favicons/www.newindianexpress.com.png",
    "siteName": "The New Indian Express",
    "lastFetched": "2025-05-24T11:08:49.011Z"
  },
  "https://timesofindia.indiatimes.com/city/bengaluru/bengaluru-deluged-heavy-rain-causes-traffic-chaos-and-waterlogging-across-city/articleshow/114404508.cms": {
    "url": "https://timesofindia.indiatimes.com/city/bengaluru/bengaluru-deluged-heavy-rain-causes-traffic-chaos-and-waterlogging-across-city/articleshow/114404508.cms",
    "title": "Bengaluru Deluged: Heavy Rain Causes Traffic Chaos and Waterlogging Across City | Bengaluru News - Times of India",
    "description": "Bengaluru faced severe waterlogging and traffic disruptions due to heavy rain over the weekend, impacting localities like Kengeri, RR Nagar, and Rajajinagar. Residents protest as flooding conditions worsen. Discover the city's rain challenges and responses.",
    "image": "https://static.toiimg.com/thumb/msid-114404506,width-1070,height-580,imgsize-105126,resizemode-75,overlay-toi_sw,pt-32,y_pad-40/photo.jpg",
    "favicon": "/src/lib/assets/favicons/timesofindia.indiatimes.com.png",
    "siteName": "The Times of India",
    "lastFetched": "2025-05-24T11:08:15.167Z"
  },
  "https://timesofindia.indiatimes.com/city/bengaluru/road-under-hebbal-flyover-turns-into-one-huge-drain/articleshow/65959382.cms": {
    "url": "https://timesofindia.indiatimes.com/city/bengaluru/road-under-hebbal-flyover-turns-into-one-huge-drain/articleshow/65959382.cms",
    "title": "Road under Hebbal flyover turns into one huge drain | Bengaluru News - Times of India",
    "description": "BENGALURU : The road below the Hebbal flyover, the link between Kempegowda International Airport and interior Benglauru, was completely flooded follow.",
    "image": "https://static.toiimg.com/thumb/msid-65959459,width-1070,height-580,imgsize-640113,resizemode-75,overlay-toi_sw,pt-32,y_pad-40/photo.jpg",
    "favicon": "/src/lib/assets/favicons/timesofindia.indiatimes.com.png",
    "siteName": "The Times of India",
    "lastFetched": "2025-05-24T11:08:58.235Z"
  },
  "https://www.thehindu.com/news/national/karnataka/rain-continues-batter-bengaluru-over-100-houses-flooded/article68779017.ece": {
    "url": "https://www.thehindu.com/news/national/karnataka/rain-continues-batter-bengaluru-over-100-houses-flooded/article68779017.ece",
    "title": "Rain continues batter Bengaluru; over 100 houses flooded",
    "description": "Bengaluru faces severe flooding due to heavy rainfall, causing inconvenience to residents and motorists, prompting government intervention.",
    "image": "https://www.thehindu.com/theme/images/og-image.png",
    "favicon": "/src/lib/assets/favicons/www.thehindu.com.png",
    "siteName": "The Hindu",
    "lastFetched": "2025-05-24T11:09:43.077Z"
  },
  "https://www.thehindu.com/news/cities/bangalore/kendriya-vihar-flooded-again-residents-evacuated-for-eight-days/article68782835.ece": {
    "url": "https://www.thehindu.com/news/cities/bangalore/kendriya-vihar-flooded-again-residents-evacuated-for-eight-days/article68782835.ece",
    "title": "Kendriya Vihar flooded again; residents evacuated for eight days  ",
    "description": "Heavy rains in Bengaluru led to flooding in North Bengaluru, forcing evacuation of Kendriya Vihar residents for 8 days.",
    "image": "https://th-i.thgim.com/public/incoming/lwztkd/article68784375.ece/alternates/LANDSCAPE_1200/_KMK8272.JPG",
    "favicon": "/src/lib/assets/favicons/www.thehindu.com.png",
    "siteName": "The Hindu",
    "lastFetched": "2025-05-24T11:08:43.520Z"
  },
  "https://www.deccanherald.com/india/karnataka/bengaluru/sudden-deluge-of-rains-trigger-traffic-jams-water-logging-in-bengaluru-3221194": {
    "url": "https://www.deccanherald.com/india/karnataka/bengaluru/sudden-deluge-of-rains-trigger-traffic-jams-water-logging-in-bengaluru-3221194",
    "title": "Sudden deluge of rains trigger traffic jams, water-logging in Bengaluru",
    "description": "Long, glaring red lines painted the city’s digital maps as vehicles crawled through slush, sewage and rainwater in many parts of the city.",
    "image": "https://images.deccanherald.com/deccanherald%2F2024-10-05%2Flz1rcufn%2Ffile7xhcums5q9emyvl15sh.jpg?rect=0%2C0%2C600%2C315&w=1200&ar=40%3A21&auto=format%2Ccompress&ogImage=true&mode=crop",
    "favicon": "/src/lib/assets/favicons/www.deccanherald.com.png",
    "siteName": "Deccan Herald",
    "lastFetched": "2025-05-24T11:08:57.116Z"
  },
  "https://www.hindustantimes.com/cities/bengaluru-news/north-bengaluru-sees-cloud-burst-like-rainfall-over-100-houses-flooded-report-101729588421577.html": {
    "url": "https://www.hindustantimes.com/cities/bengaluru-news/north-bengaluru-sees-cloud-burst-like-rainfall-over-100-houses-flooded-report-101729588421577.html",
    "title": "Access Denied",
    "description": "",
    "image": "",
    "favicon": "/src/lib/assets/favicons/www.hindustantimes.com.png",
    "siteName": "www.hindustantimes.com",
    "lastFetched": "2025-05-24T11:09:23.192Z"
  },
  "https://www.moneycontrol.com/news/trends/bengaluru-floods-wipro-opens-blocked-drain-at-sarjapur-road-office-eases-waterlogging-12849235.html": {
    "url": "https://www.moneycontrol.com/news/trends/bengaluru-floods-wipro-opens-blocked-drain-at-sarjapur-road-office-eases-waterlogging-12849235.html",
    "title": "Access Denied",
    "description": "",
    "image": "",
    "favicon": "/src/lib/assets/favicons/www.moneycontrol.com.png",
    "siteName": "www.moneycontrol.com",
    "lastFetched": "2025-05-24T11:09:33.180Z"
  },
  "https://www.youtube.com/watch?v=zjc2_ZYAkrM": {
    "url": "https://www.youtube.com/watch?v=zjc2_ZYAkrM",
    "title": "Rain water accumulates at Hennur Railway Underpass #hennur #bengalururains",
    "description": "Heavy Water Accumulation Alert! 🚨💧 The Hennur Railway Underpass on Hennur-Bagalur Road is filling up fast due to rain. Avoid the area, use alternate routes...",
    "image": "https://i.ytimg.com/vi/zjc2_ZYAkrM/maxres2.jpg?sqp=-oaymwEoCIAKENAF8quKqQMcGADwAQH4Aa4IgAKAD4oCDAgAEAEYZSBZKFQwDw==&rs=AOn4CLA8LqrUBT4pB1le8z32DM_zGReocA",
    "favicon": "/src/lib/assets/favicons/www.youtube.com.png",
    "siteName": "YouTube",
    "lastFetched": "2025-05-24T11:08:27.810Z"
  },
  "https://www.thehindu.com/news/cities/bangalore/bengaluru-airport-flooded/article64805577.ece": {
    "url": "https://www.thehindu.com/news/cities/bangalore/bengaluru-airport-flooded/article64805577.ece",
    "title": "Watch | With Bangalore airport flooded, tractors ferry people",
    "description": "KIA records highest-ever rainfall in a decade",
    "image": "https://th-i.thgim.com/public/news/cities/bangalore/w6g00/article36958838.ece/alternates/LANDSCAPE_1200/road-to-airportjfif",
    "favicon": "/src/lib/assets/favicons/www.thehindu.com.png",
    "siteName": "The Hindu",
    "lastFetched": "2025-05-24T11:10:16.478Z"
  },
  "https://www.deccanherald.com/india/karnataka/bengaluru/bengaluru-endures-another-day-of-rain-nightmare-3244256": {
    "url": "https://www.deccanherald.com/india/karnataka/bengaluru/bengaluru-endures-another-day-of-rain-nightmare-3244256",
    "title": "Bengaluru endures another day of rain nightmare",
    "description": "In Tata Nagar, home to retired IISc employees, residents awoke to lake water surging into their homes, damaging furniture, appliances, and vehicles.\n\n",
    "image": "https://images.deccanherald.com/deccanherald%2F2024-10-22%2Fl6b8t7gn%2Ffile7xpz3gbul1v1r2xym9o.jpg?rect=0%2C80%2C4009%2C2105&w=1200&ar=40%3A21&auto=format%2Ccompress&ogImage=true&mode=crop",
    "favicon": "/src/lib/assets/favicons/www.deccanherald.com.png",
    "siteName": "Deccan Herald",
    "lastFetched": "2025-05-24T11:08:45.038Z"
  },
  "https://www.deccanherald.com/india/karnataka/bengaluru/bengaluru-rains-waterlogging-slow-moving-traffic-tree-falls-disrupt-normal-life-as-imd-issues-orange-alert-3241096": {
    "url": "https://www.deccanherald.com/india/karnataka/bengaluru/bengaluru-rains-waterlogging-slow-moving-traffic-tree-falls-disrupt-normal-life-as-imd-issues-orange-alert-3241096",
    "title": "Bengaluru rains: Waterlogging, slow- moving traffic, tree falls disrupt normal life as IMD issues orange alert ",
    "description": "Heavy rains lashed many parts of the city, including Majestic, RR Nagar, Nandini Layout, BTM Layout, HSR Layout and Kengeri.",
    "image": "https://images.deccanherald.com/deccanherald%2F2024-10-21%2Ff30zx45n%2FIMG-20241021-WA0000.jpg?rect=0%2C0%2C1280%2C672&w=1200&ar=40%3A21&auto=format%2Ccompress&ogImage=true&mode=crop",
    "favicon": "/src/lib/assets/favicons/www.deccanherald.com.png",
    "siteName": "Deccan Herald",
    "lastFetched": "2025-05-24T11:09:02.655Z"
  },
  "https://www.thenewsminute.com/karnataka/bengaluru-s-manyata-tech-park-flooded-employees-sent-back-home-157911": {
    "url": "https://www.thenewsminute.com/karnataka/bengaluru-s-manyata-tech-park-flooded-employees-sent-back-home-157911",
    "title": "Bengaluru’s Manyata Tech Park flooded, employees sent back home",
    "description": "Many areas in Bengaluru were under water after heavy rains continued to lash the city on Monday.",
    "image": "https://media.assettype.com/tnm%2Fimport%2Fsites%2Fdefault%2Ffiles%2FManyata_Flooding_DeepakBopanna_Twitter_22112021_1200.jpeg?w=1200&ar=40%3A21&auto=format%2Ccompress&ogImage=true&mode=crop&enlarge=true&overlay=false&overlay_position=bottom&overlay_width=100",
    "favicon": "/src/lib/assets/favicons/www.thenewsminute.com.png",
    "siteName": "The News Minute",
    "lastFetched": "2025-05-24T11:10:14.340Z"
  },
  "https://timesofindia.indiatimes.com/city/bengaluru/bbmp-chief-orders-drain-works-to-end-ulsoor-flooding/articleshow/85160708.cms": {
    "url": "https://timesofindia.indiatimes.com/city/bengaluru/bbmp-chief-orders-drain-works-to-end-ulsoor-flooding/articleshow/85160708.cms",
    "title": "Karnataka: BBMP chief orders drain works to end Ulsoor flooding | Bengaluru News - Times of India",
    "description": "Ulsoor residents, especially those living on and off Annaswamy Mudaliar Road, are hoping last month’s bitter experience when basements of their houses",
    "image": "https://static.toiimg.com/thumb/msid-85166857,width-1070,height-580,imgsize-650852,resizemode-75,overlay-toi_sw,pt-32,y_pad-40/photo.jpg",
    "favicon": "/src/lib/assets/favicons/timesofindia.indiatimes.com.png",
    "siteName": "The Times of India",
    "lastFetched": "2025-05-24T11:08:52.544Z"
  },
  "https://timesofindia.indiatimes.com/city/bengaluru/bengaluru-gated-communities-turn-into-ghost-towns-residents-flee-hundreds-of-luxury-cars-submerged/articleshow/94041610.cms": {
    "url": "https://timesofindia.indiatimes.com/city/bengaluru/bengaluru-gated-communities-turn-into-ghost-towns-residents-flee-hundreds-of-luxury-cars-submerged/articleshow/94041610.cms",
    "title": "Bengaluru rain fury: Gated communities turn into ghost towns; residents flee, hundreds of luxury cars submerged | Bengaluru News - Times of India",
    "description": "Rain piled on the miseries of upscale gated communities on and off Yemalur Main Road, near HAL, east Bengaluru for the second consecutive night on Mon",
    "image": "https://static.toiimg.com/thumb/msid-94041662,width-1070,height-580,imgsize-1206572,resizemode-75,overlay-toi_sw,pt-32,y_pad-40/photo.jpg",
    "favicon": "/src/lib/assets/favicons/timesofindia.indiatimes.com.png",
    "siteName": "The Times of India",
    "lastFetched": "2025-05-24T11:10:07.196Z"
  },
  "https://www.deccanherald.com/india/karnataka/bengaluru/rain-brings-bengaluru-to-its-knees-lakes-overflow-1140014.html": {
    "url": "https://www.deccanherald.com/india/karnataka/bengaluru/rain-brings-bengaluru-to-its-knees-lakes-overflow-1140014.html",
    "title": "Rain brings Bengaluru to its knees; lakes overflow",
    "description": "So overwhelming was the flow of water that it brought down a road bridge near a government hospital in Kaggalipura",
    "image": "https://images.deccanherald.com/deccanherald%2Fimport%2Fsites%2Fdh%2Ffiles%2Farticleimages%2F2022%2F08%2F28%2Fdh-photo-1-1140014-1661654528.jpg?w=1200&ar=40%3A21&auto=format%2Ccompress&ogImage=true&mode=crop",
    "favicon": "/src/lib/assets/favicons/www.deccanherald.com.png",
    "siteName": "Deccan Herald",
    "lastFetched": "2025-05-24T11:10:24.669Z"
  },
  "https://www.thenewsminute.com/karnataka/bengaluru-slum-dwellers-rendered-helpless-floods-reptiles-govt-indifference-167736": {
    "url": "https://www.thenewsminute.com/karnataka/bengaluru-slum-dwellers-rendered-helpless-floods-reptiles-govt-indifference-167736",
    "title": "Bengaluru slum dwellers rendered helpless by floods, reptiles & govt indifference",
    "description": "Residents of slums at Kariyammana Agrahara and Munnekolala are spending day and night waiting for the water to recede, with no access to shelter, food or even clean drinking water.",
    "image": "https://media.assettype.com/tnm%2Fimport%2Fsites%2Fdefault%2Ffiles%2FMunnekollalSlumFlood_100922_1200.jpg?w=1200&ar=40%3A21&auto=format%2Ccompress&ogImage=true&mode=crop&enlarge=true&overlay=false&overlay_position=bottom&overlay_width=100",
    "favicon": "/src/lib/assets/favicons/www.thenewsminute.com.png",
    "siteName": "The News Minute",
    "lastFetched": "2025-05-24T11:08:30.394Z"
  },
  "https://www.moneycontrol.com/news/india/bengaluru-rains-add-to-monday-blues-roads-flooded-traffic-police-issue-advisory-12793211.html": {
    "url": "https://www.moneycontrol.com/news/india/bengaluru-rains-add-to-monday-blues-roads-flooded-traffic-police-issue-advisory-12793211.html",
    "title": "Access Denied",
    "description": "",
    "image": "",
    "favicon": "/src/lib/assets/favicons/www.moneycontrol.com.png",
    "siteName": "www.moneycontrol.com",
    "lastFetched": "2025-05-24T11:09:39.446Z"
  },
  "https://www.newindianexpress.com/cities/bengaluru/2021/Nov/22/boats-used-to-rescue-stranded-residents-in-bengaluru-as-roads-flooded-after-heavy-rains-2386676.html": {
    "url": "https://www.newindianexpress.com/cities/bengaluru/2021/Nov/22/boats-used-to-rescue-stranded-residents-in-bengaluru-as-roads-flooded-after-heavy-rains-2386676.html",
    "title": "Boats used to rescue stranded residents in Bengaluru as roads flooded after heavy rains",
    "description": "Cars and two-wheelers were seen floating on roadsides. The situation was the same in Tata Nagar and other parts of Yelahanka and Yelahanka new town.",
    "image": "https://media.assettype.com/TNIE%2Fimport%2F2021%2F11%2F22%2Foriginal%2FBengaluru_EPS01.jpg?w=1200&ar=40%3A21&auto=format%2Ccompress&ogImage=true&mode=crop&enlarge=true&overlay=false&overlay_position=bottom&overlay_width=100",
    "favicon": "/src/lib/assets/favicons/www.newindianexpress.com.png",
    "siteName": "The New Indian Express",
    "lastFetched": "2025-05-24T11:09:53.269Z"
  },
  "https://bangaloremirror.indiatimes.com/bangalore/civic/karnataka-golf-association-avid-golferssullage-water-bbmp-embassy-group-bbmp-commissioner/articleshow/46447735.cms?": {
    "url": "https://bangaloremirror.indiatimes.com/bangalore/civic/karnataka-golf-association-avid-golferssullage-water-bbmp-embassy-group-bbmp-commissioner/articleshow/46447735.cms?",
    "title": "Another hazard added to KGA",
    "description": "Course flooded with sewage as adjacent construction of upscale villas blocks storm water drain On Tuesday morning, some of the international corporate members of Karnataka Golf Association (KGA), also.",
    "image": "https://static.toiimg.com/photo/imgsize-33645,msid-46447735/46447735.jpg",
    "favicon": "/src/lib/assets/favicons/bangaloremirror.indiatimes.com.png",
    "siteName": "Bangalore Mirror",
    "lastFetched": "2025-05-24T11:09:14.095Z"
  },
  "https://www.thehindu.com/news/national/karnataka/22-posh-villas-in-yelahanka-flooded-developers-to-be-issued-notices/article68196986.ece": {
    "url": "https://www.thehindu.com/news/national/karnataka/22-posh-villas-in-yelahanka-flooded-developers-to-be-issued-notices/article68196986.ece",
    "title": "22 posh villas in Yelahanka flooded; developers to be issued notices",
    "description": "Anitha Krishnan, a resident of Northwood Villas, one of the upscale gated communities in Yelahanka, woke up in the wee hours of Sunday to see the water level in her posh villa rise as it was raining heavily outside. Residents of 22 villas in this community were unable to move out for more than 12 hours, the time the civic body took to drain out the flooded water from this community.",
    "image": "https://th-i.thgim.com/public/incoming/hmtcv1/article68197671.ece/alternates/LANDSCAPE_1200/Rain_01.jpg",
    "favicon": "/src/lib/assets/favicons/www.thehindu.com.png",
    "siteName": "The Hindu",
    "lastFetched": "2025-05-24T11:08:17.351Z"
  },
  "https://www.thehindu.com/news/cities/bangalore/parts-of-bengaluru-flooded-after-3-days-of-heavy-rain/article32933257.ece": {
    "url": "https://www.thehindu.com/news/cities/bangalore/parts-of-bengaluru-flooded-after-3-days-of-heavy-rain/article32933257.ece",
    "title": "Parts of Bengaluru flooded after 3 days of heavy rain",
    "description": "Drains overflow, water enters houses in many localities",
    "image": "https://th-i.thgim.com/public/news/cities/bangalore/voaxv5/article32933256.ece/alternates/LANDSCAPE_1200/TH23KRABENGALURURAIN",
    "favicon": "/src/lib/assets/favicons/www.thehindu.com.png",
    "siteName": "The Hindu",
    "lastFetched": "2025-05-24T11:09:12.180Z"
  },
  "https://www.hindustantimes.com/cities/bengaluru-news/bengaluru-rain-nightmare-terrifying-video-shows-biker-falling-as-water-gushes-fiercely-in-flooded-underpass-101728996054329.html": {
    "url": "https://www.hindustantimes.com/cities/bengaluru-news/bengaluru-rain-nightmare-terrifying-video-shows-biker-falling-as-water-gushes-fiercely-in-flooded-underpass-101728996054329.html",
    "title": "Access Denied",
    "description": "",
    "image": "",
    "favicon": "/src/lib/assets/favicons/www.hindustantimes.com.png",
    "siteName": "www.hindustantimes.com",
    "lastFetched": "2025-05-24T11:10:15.382Z"
  },
  "https://bangaloremirror.indiatimes.com/bangalore/others/on-friday-a-road-caved-in-and-a-supporting-wall-collapsed-in-lakshmi-devi-nagar/articleshow/75364233.cms": {
    "url": "https://bangaloremirror.indiatimes.com/bangalore/others/on-friday-a-road-caved-in-and-a-supporting-wall-collapsed-in-lakshmi-devi-nagar/articleshow/75364233.cms",
    "title": "Video: On Friday, a road caved in and a supporting wall collapsed in Lakshmi Devi Nagar",
    "description": "75341316Nandini Layout police rushed to the spot along with the BBMP officials who evacuated the place immediately.",
    "image": "https://static.toiimg.com/photo/imgsize-257121,msid-75364229/75364229.jpg",
    "favicon": "/src/lib/assets/favicons/bangaloremirror.indiatimes.com.png",
    "siteName": "Bangalore Mirror",
    "lastFetched": "2025-05-24T11:09:08.295Z"
  },
  "https://www.thehindu.com/news/cities/bangalore/recent-flooding-at-manyata-tech-park-brings-back-focus-on-rajakaluve-encroachment-issue-in-bengaluru/article68768970.ece": {
    "url": "https://www.thehindu.com/news/cities/bangalore/recent-flooding-at-manyata-tech-park-brings-back-focus-on-rajakaluve-encroachment-issue-in-bengaluru/article68768970.ece",
    "title": "Recent flooding at Manyata Tech Park brings back focus on rajakaluve encroachment issue in Bengaluru",
    "description": "Inundation at Manyata Tech Park due to encroachments by Karle Tech Park raises concerns about flooding causes.",
    "image": "https://th-i.thgim.com/public/incoming/f0wrd6/article68770163.ece/alternates/LANDSCAPE_1200/Encrochment_01.jpg",
    "favicon": "/src/lib/assets/favicons/www.thehindu.com.png",
    "siteName": "The Hindu",
    "lastFetched": "2025-05-24T11:08:55.487Z"
  },
  "https://www.thehindu.com/news/cities/bangalore/heavy-rain-batters-bengaluru-roads-flooded-and-vehicles-damaged-yellow-alert-continues/article66035136.ece": {
    "url": "https://www.thehindu.com/news/cities/bangalore/heavy-rain-batters-bengaluru-roads-flooded-and-vehicles-damaged-yellow-alert-continues/article66035136.ece",
    "title": "Heavy rain batters Bengaluru, roads flooded and vehicles damaged, yellow alert continues",
    "description": "Waterlogging was reported in Bellandur, Madiwala, Hosur Road, Silk Board junction, Bannerghatta Road, Malleswaram, R.T. Nagar, Koramangala, B.T.M. Layout, Shivajinagar, Outer Ring Road, Tumakuru Road, Mysuru Road, and the Central Business District",
    "image": "https://th-i.thgim.com/public/incoming/ftvmkd/article66035369.ece/alternates/LANDSCAPE_1200/PTI10_20_2022_000003B.jpg",
    "favicon": "/src/lib/assets/favicons/www.thehindu.com.png",
    "siteName": "The Hindu",
    "lastFetched": "2025-05-24T11:09:50.577Z"
  },
  "https://www.deccanchronicle.com/nation/current-affairs/010518/road-flooded-near-embassy-golf-links-in-domlur.html": {
    "url": "https://www.deccanchronicle.com/nation/current-affairs/010518/road-flooded-near-embassy-golf-links-in-domlur.html",
    "title": "Road flooded near Embassy Golf Links in Domlur | Road flooded near Embassy Golf Links in Domlur",
    "description": "Heavy rains flooded Intermediate Ring Road, Domlur, Indiranagar and KR Puram.",
    "image": "https://images.deccanchronicle.com/dc-Cover-i21725amem9gjt1s1v4rq98ui3-20180501041225.Medi.jpeg",
    "favicon": "/src/lib/assets/favicons/www.deccanchronicle.com.png",
    "siteName": "www.deccanchronicle.com",
    "lastFetched": "2025-05-24T11:08:29.052Z"
  },
  "https://timesofindia.indiatimes.com/city/bengaluru/bengaluru-road-caves-in-underpass-floods-after-night-long-rain/articleshow/94870728.cms": {
    "url": "https://timesofindia.indiatimes.com/city/bengaluru/bengaluru-road-caves-in-underpass-floods-after-night-long-rain/articleshow/94870728.cms",
    "title": "Bengaluru: Road caves in, underpass floods after night-long rain | Bengaluru News - Times of India",
    "description": " Following Thursday's overnight rain, a portion of Suranjan Das Road in east Bengaluru caved in, inconveniencing commuters to Bagmane Tech Park, DRDO ",
    "image": "https://static.toiimg.com/thumb/msid-94870758,width-1070,height-580,imgsize-937297,resizemode-75,overlay-toi_sw,pt-32,y_pad-40/photo.jpg",
    "favicon": "/src/lib/assets/favicons/timesofindia.indiatimes.com.png",
    "siteName": "The Times of India",
    "lastFetched": "2025-05-24T11:10:10.316Z"
  },
  "https://www.deccanherald.com/india/karnataka/bengaluru/bengaluru-flooded-after-cloudburst-in-possibly-wettest-day-ever-1142224.html": {
    "url": "https://www.deccanherald.com/india/karnataka/bengaluru/bengaluru-flooded-after-cloudburst-in-possibly-wettest-day-ever-1142224.html",
    "title": "Bengaluru flooded after cloudburst in possibly wettest day ever",
    "description": "",
    "image": "https://images.deccanherald.com/deccanherald%2Fimport%2Fsites%2Fdh%2Ffiles%2Farticleimages%2F2022%2F09%2F05%2Ffile7mlt18bux021mo0numy5-1142224-1662336612.jpg?w=1200&ar=40%3A21&auto=format%2Ccompress&ogImage=true&mode=crop",
    "favicon": "/src/lib/assets/favicons/www.deccanherald.com.png",
    "siteName": "Deccan Herald",
    "lastFetched": "2025-05-24T11:09:37.336Z"
  },
  "https://www.thenewsminute.com/karnataka/panathur-balagere-road-inundated-again-causes-traffic-gridlock-delays-school-buses-107671": {
    "url": "https://www.thenewsminute.com/karnataka/panathur-balagere-road-inundated-again-causes-traffic-gridlock-delays-school-buses-107671",
    "title": "Panathur-Balagere road inundated again, causes traffic gridlock, delays school buses",
    "description": " The residents of the area say that the road gets inundated every year during the monsoon and are calling for a permanent solution to the problem.",
    "image": "https://media.assettype.com/tnm%2Fimport%2Fsites%2Fdefault%2Ffiles%2FPanathur_Balagere_water.jpeg?w=1200&ar=40%3A21&auto=format%2Ccompress&ogImage=true&mode=crop&enlarge=true&overlay=false&overlay_position=bottom&overlay_width=100",
    "favicon": "/src/lib/assets/favicons/www.thenewsminute.com.png",
    "siteName": "The News Minute",
    "lastFetched": "2025-05-24T11:08:46.500Z"
  },
  "https://www.thehindu.com/news/cities/bangalore/it-may-take-months-for-jncasr-to-function-normally/article37654243.ece": {
    "url": "https://www.thehindu.com/news/cities/bangalore/it-may-take-months-for-jncasr-to-function-normally/article37654243.ece",
    "title": "‘It may take months for JNCASR to function normally’",
    "description": "Lab equipment at Jawaharlal Nehru Centre for Advanced Scientific Research yet to be switched on as water has not receded",
    "image": "https://th-i.thgim.com/public/news/cities/bangalore/xb9v4d/article37654242.ece/alternates/LANDSCAPE_1200/24bgrao",
    "favicon": "/src/lib/assets/favicons/www.thehindu.com.png",
    "siteName": "The Hindu",
    "lastFetched": "2025-05-24T11:10:02.263Z"
  },
  "https://www.deccanherald.com/india/karnataka/bengaluru/infra-woes-knock-on-doors-at-dawn-as-rain-pounds-bengaluru-3242438": {
    "url": "https://www.deccanherald.com/india/karnataka/bengaluru/infra-woes-knock-on-doors-at-dawn-as-rain-pounds-bengaluru-3242438",
    "title": "Infra woes knock on doors at dawn as rain pounds Bengaluru   ",
    "description": "Bengaluru woke up to incessant rain and thunderstorms on Monday, prompting the India Meteorological Department (IMD) to issue an orange alert for the city. Many roads, particularly in the eastern and southeastern parts of Bengaluru, were inundated.",
    "image": "https://images.deccanherald.com/deccanherald%2F2024-10-21%2Fzd5cedlc%2Ffile7xph6uebavp8y0hb4gy.jpg?rect=0%2C146%2C3873%2C2033&w=1200&ar=40%3A21&auto=format%2Ccompress&ogImage=true&mode=crop",
    "favicon": "/src/lib/assets/favicons/www.deccanherald.com.png",
    "siteName": "Deccan Herald",
    "lastFetched": "2025-05-24T11:08:22.780Z"
  },
  "https://www.thehindu.com/news/national/karnataka/heavy-rain-brings-bengaluru-to-its-knees/article65854264.ece": {
    "url": "https://www.thehindu.com/news/national/karnataka/heavy-rain-brings-bengaluru-to-its-knees/article65854264.ece",
    "title": "Heavy rain brings Bengaluru to its knees",
    "description": "Widespread damage as civic agencies term monsoon as city’s second highest rainfall since 1971",
    "image": "https://th-i.thgim.com/public/news/national/karnataka/9amxji/article65854537.ece/alternates/LANDSCAPE_1200/_DSC1985.jpg",
    "favicon": "/src/lib/assets/favicons/www.thehindu.com.png",
    "siteName": "The Hindu",
    "lastFetched": "2025-05-24T11:09:16.257Z"
  },
  "https://timesofindia.indiatimes.com/city/bengaluru/rain-does-it-again-crawling-traffic-flooded-houses-and-underpasses/articleshow/105054080.cms": {
    "url": "https://timesofindia.indiatimes.com/city/bengaluru/rain-does-it-again-crawling-traffic-flooded-houses-and-underpasses/articleshow/105054080.cms",
    "title": "Rain Does It Again: Crawling Traffic, Flooded Houses And Underpasses | Bengaluru News - Times of India",
    "description": "Bengaluru: The downpour late Monday night triggered chaos across the city.",
    "image": "https://static.toiimg.com/thumb/msid-47529300,width-1070,height-580,imgsize-110164,resizemode-75,overlay-toi_sw,pt-32,y_pad-40/photo.jpg",
    "favicon": "/src/lib/assets/favicons/timesofindia.indiatimes.com.png",
    "siteName": "The Times of India",
    "lastFetched": "2025-05-24T11:09:38.418Z"
  },
  "https://www.hindustantimes.com/cities/bengaluru-news/bengaluru-rains-early-morning-downpour-triggers-severe-waterlogging-and-traffic-jams-amid-yellow-alert-watch-101729478681137.html": {
    "url": "https://www.hindustantimes.com/cities/bengaluru-news/bengaluru-rains-early-morning-downpour-triggers-severe-waterlogging-and-traffic-jams-amid-yellow-alert-watch-101729478681137.html",
    "title": "Access Denied",
    "description": "",
    "image": "",
    "favicon": "/src/lib/assets/favicons/www.hindustantimes.com.png",
    "siteName": "www.hindustantimes.com",
    "lastFetched": "2025-05-24T11:09:15.151Z"
  },
  "https://www.thehindu.com/news/cities/bangalore/800-houses-flooded-after-hulimavu-lake-breaches/article61615080.ece": {
    "url": "https://www.thehindu.com/news/cities/bangalore/800-houses-flooded-after-hulimavu-lake-breaches/article61615080.ece",
    "title": "800 houses flooded after Bengaluru's Hulimavu lake breaches",
    "description": "Over 1,000 people affected; BBMP says 193 evacuated ",
    "image": "https://th-i.thgim.com/public/news/cities/bangalore/medwd0/article30071312.ece/alternates/LANDSCAPE_1200/24BGLAKEPAGE1",
    "favicon": "/src/lib/assets/favicons/www.thehindu.com.png",
    "siteName": "The Hindu",
    "lastFetched": "2025-05-24T11:09:35.732Z"
  },
  "https://scroll.in/article/1032186/at-bengalurus-rainbow-drive-a-snapshot-of-the-citys-man-made-flood-challenges": {
    "url": "https://scroll.in/article/1032186/at-bengalurus-rainbow-drive-a-snapshot-of-the-citys-man-made-flood-challenges",
    "title": "At Bengaluru’s Rainbow Drive, a snapshot of the city’s man-made flood challenges ",
    "description": "Recent constructions have encroached on low lands and overflow channels, hampering the flow of rainwater into drainage areas.",
    "image": "https://sc0.blr1.cdn.digitaloceanspaces.com/book/179497-bwrimnulwl-1662461408.jpg",
    "favicon": "/src/lib/assets/favicons/scroll.in.png",
    "siteName": "Scroll.in",
    "lastFetched": "2025-05-24T11:10:06.116Z"
  },
  "https://www.deccanherald.com/india/karnataka/bengaluru/in-st-bed-palike-contributes-2019996": {
    "url": "https://www.deccanherald.com/india/karnataka/bengaluru/in-st-bed-palike-contributes-2019996",
    "title": "In ST Bed, Palike contributes to flooding of over 100 houses",
    "description": "More than 100 houses at ST Bed Layout in Koramangala 4th Block were flooded due to an...",
    "image": "https://images.deccanherald.com/deccanherald%2Fimport%2Fsites%2Fdh%2Ffiles%2Farticle_images%2F2017%2F08%2F16%2F628271.jpg?w=1200&ar=40%3A21&auto=format%2Ccompress&ogImage=true&mode=crop",
    "favicon": "/src/lib/assets/favicons/www.deccanherald.com.png",
    "siteName": "Deccan Herald",
    "lastFetched": "2025-05-24T11:09:24.829Z"
  },
  "https://bangaloremirror.indiatimes.com/bangalore/cover-story/its-not-deluge-ionalits-for-real/articleshow/84778703.cms": {
    "url": "https://bangaloremirror.indiatimes.com/bangalore/cover-story/its-not-deluge-ionalits-for-real/articleshow/84778703.cms",
    "title": "It’s not deluge-ional,it’s for real",
    "description": "The complaint has been filed in the Koramangala police station against BWSSB engineers.",
    "image": "https://static.toiimg.com/photo/imgsize-605416,msid-84778705/84778705.jpg",
    "favicon": "/src/lib/assets/favicons/bangaloremirror.indiatimes.com.png",
    "siteName": "Bangalore Mirror",
    "lastFetched": "2025-05-24T11:08:20.815Z"
  },
  "https://www.facebook.com/northbangalorepost1/videos/this-is-how-residents-of-kodigehalli-tatanagar-spent-the-entire-day-yesterday-th/420922646162597/": {
    "url": "https://www.facebook.com/northbangalorepost1/videos/this-is-how-residents-of-kodigehalli-tatanagar-spent-the-entire-day-yesterday-th/420922646162597/",
    "title": "This is how residents of #Kodigehalli-Tatanagar spent the entire day yesterday. They only had each other for support as the civic authorities reacted... | By BengaluruPost | Facebook",
    "description": "This is how residents of #Kodigehalli-Tatanagar spent the entire day yesterday. They only had each other for support as the civic authorities reacted...",
    "image": "https://scontent.fblr22-2.fna.fbcdn.net/v/t15.5256-10/258881225_420923526162509_1098667189430136658_n.jpg?_nc_cat=111&ccb=1-7&_nc_sid=a27664&_nc_ohc=8lqfMdWACZYQ7kNvwEKSoww&_nc_oc=AdnGjUEo3nBJGkYgDyqJdCfBMBCsXkU0TDCQ6CQ239ZoM_Svgh5sYGDF6lPvlNmG11TGFY-oDbz4lZW2tvyPW0rk&_nc_zt=23&_nc_ht=scontent.fblr22-2.fna&_nc_gid=JhXeySen2SkDEL0gm9oMKQ&oh=00_AfJYamLBClO5XlXTCT1_xx0eKqN9SHpbTleaRHke0rhUXg&oe=68378FE7",
    "favicon": "",
    "siteName": "www.facebook.com",
    "lastFetched": "2025-05-24T11:08:54.380Z"
  },
  "https://www.deccanherald.com/india/karnataka/bengaluru/north-east-done-rain-now-turns-to-cbd-south-3246059": {
    "url": "https://www.deccanherald.com/india/karnataka/bengaluru/north-east-done-rain-now-turns-to-cbd-south-3246059",
    "title": "North & East done, rain now turns to CBD & South",
    "description": "Parts of Jayanagar, JP Nagar and Banashankari witnessed a hailstorm, while evening rains hit BTM Layout, Koramangala, Bommanahalli, and Electronics City. In the CBD, strong winds gave way to a downpour, emptying the busy streets. \n\n",
    "image": "https://images.deccanherald.com/deccanherald%2F2024-10-23%2F64hgzf5m%2Ffile7xqih5kjydsra8u4jqu.jpg?rect=0%2C134%2C3569%2C1874&w=1200&ar=40%3A21&auto=format%2Ccompress&ogImage=true&mode=crop",
    "favicon": "/src/lib/assets/favicons/www.deccanherald.com.png",
    "siteName": "Deccan Herald",
    "lastFetched": "2025-05-24T11:08:39.909Z"
  },
  "https://www.deccanherald.com/india/karnataka/bengaluru/heavy-overnight-rain-floods-bengalurus-homes-and-major-roads-3242875": {
    "url": "https://www.deccanherald.com/india/karnataka/bengaluru/heavy-overnight-rain-floods-bengalurus-homes-and-major-roads-3242875",
    "title": "Heavy overnight rain floods Bengaluru's homes and major roads",
    "description": "Several vehicles in the basement and ground levels of apartment complexes in the north, including the Kendriya Vihar apartment, were stuck in waist-level water.",
    "image": "https://images.deccanherald.com/deccanherald%2F2024-10-22%2F1zn2f85j%2Fezgif.com-resize.gif?rect=0%2C0%2C1280%2C672&w=1200&ar=40%3A21&auto=format%2Ccompress&ogImage=true&mode=crop",
    "favicon": "/src/lib/assets/favicons/www.deccanherald.com.png",
    "siteName": "Deccan Herald",
    "lastFetched": "2024-11-18T15:33:05.970Z"
  },
  "https://www.thehindu.com/news/cities/bangalore/bengaluru-rains-city-wakes-up-to-flooding-yet-again-after-over-100-mm-of-overnight-downpour/article69592685.ece": {
    "url": "https://www.thehindu.com/news/cities/bangalore/bengaluru-rains-city-wakes-up-to-flooding-yet-again-after-over-100-mm-of-overnight-downpour/article69592685.ece",
    "title": "Bengaluru wakes up to flooding yet again after heavy overnight rains, yellow alert in city till May 24",
    "description": "Bengaluru faces waterlogged roads after heavy rain, causing flooding, traffic jams, power cuts, and flood response efforts by BBMP.",
    "image": "https://th-i.thgim.com/public/news/national/karnataka/pt2ss1/article69592991.ece/alternates/LANDSCAPE_1200/WhatsApp%20Image%202025-05-19%20at%2011.39.01.jpeg",
    "favicon": "/src/lib/assets/favicons/www.thehindu.com.png",
    "siteName": "The Hindu",
    "lastFetched": "2025-05-24T11:08:16.256Z"
  },
  "https://www.deccanherald.com/india/karnataka/bengaluru/waterlogged-roads-stall-bengaluru-traffic-home-minister-says-authorities-on-job-3547011": {
    "url": "https://www.deccanherald.com/india/karnataka/bengaluru/waterlogged-roads-stall-bengaluru-traffic-home-minister-says-authorities-on-job-3547011",
    "title": "Home Minister assures authorities on the job as waterlogging stalls Bengaluru traffic ",
    "description": "Weather Alert: Heavy rain leaves Bengaluru roads flooded, traffic paralysed. Home Minister says BBMP, authorities working to clear waterlogging and restore mobility.",
    "image": "https://images.deccanherald.com/deccanherald%2F2025-05-19%2Fq5d7yymz%2Ffile80p869k74k91l0w4uexc.jpg?rect=0%2C23%2C1200%2C630&w=1200&ar=40%3A21&auto=format%2Ccompress&ogImage=true&mode=crop",
    "favicon": "/src/lib/assets/favicons/www.deccanherald.com.png",
    "siteName": "Deccan Herald",
    "lastFetched": "2025-05-24T11:08:18.903Z"
  },
  "https://www.deccanherald.com/india/karnataka/bengaluru/flooding-in-many-parts-of-bengaluru-after-torrential-overnight-rain-3546886": {
    "url": "https://www.deccanherald.com/india/karnataka/bengaluru/flooding-in-many-parts-of-bengaluru-after-torrential-overnight-rain-3546886",
    "title": "Bengaluru Rain Havoc: Overnight Downpour Floods City Roads, Disrupts Traffic | Bengaluru News, Bengaluru Rain News",
    "description": "Bengaluru News, Bengaluru Rain News, Weather Alert: Bengaluru records 104 mm rain overnight, flooding major areas like HSR Layout, Silk Board, and Koramangala, triggering severe traffic disruptions.",
    "image": "https://images.deccanherald.com/deccanherald%2F2025-05-19%2F9c1o8r8q%2Fezgif.com-resize.gif?rect=0%2C48%2C1280%2C672&w=1200&ar=40%3A21&auto=format%2Ccompress&ogImage=true&mode=crop",
    "favicon": "/src/lib/assets/favicons/www.deccanherald.com.png",
    "siteName": "Deccan Herald",
    "lastFetched": "2025-05-24T11:08:32.009Z"
  },
  "https://archive.is/hD76W": {
    "url": "https://archive.is/hD76W",
    "title": "ಬೆಂಗಳೂರು ಸಂಚಾರ ಪೊಲೀಸ್ BengaluruTrafficPolice on X: \"Slow-moving traff…",
    "description": "",
    "image": "https://archive.is/hD76W/b368c120f33e642190deb625a099c1d264b3bdbb/scr.png",
    "favicon": "/src/lib/assets/favicons/archive.is.png",
    "siteName": "archive.is",
    "lastFetched": "2025-05-24T11:08:35.603Z"
  },
  "https://archive.is/xR9Er": {
    "url": "https://archive.is/xR9Er",
    "title": "ಬೆಂಗಳೂರು ಸಂಚಾರ ಪೊಲೀಸ್ BengaluruTrafficPolice on X: \"Due to waterloggi…",
    "description": "",
    "image": "https://archive.is/xR9Er/66a8ed77f9210f7916ec7f3c89edc859b8f23d37/scr.png",
    "favicon": "/src/lib/assets/favicons/archive.is.png",
    "siteName": "archive.is",
    "lastFetched": "2025-05-24T11:08:38.395Z"
  },
  "https://archive.is/TKhpU": {
    "url": "https://archive.is/TKhpU",
    "title": "ಬೆಂಗಳೂರು ಸಂಚಾರ ಪೊಲೀಸ್ BengaluruTrafficPolice on X: \"Traffic advisory“…",
    "description": "",
    "image": "https://archive.is/TKhpU/30a76d1f9deeab980971aff6b65b65e537fcba00/scr.png",
    "favicon": "/src/lib/assets/favicons/archive.is.png",
    "siteName": "archive.is",
    "lastFetched": "2025-05-24T11:08:42.409Z"
  },
  "https://archive.is/KZxVt": {
    "url": "https://archive.is/KZxVt",
    "title": "ಬೆಂಗಳೂರು ಸಂಚಾರ ಪೊಲೀಸ್ BengaluruTrafficPolice on X: \"“Traffic advisory…",
    "description": "",
    "image": "https://archive.is/KZxVt/91307c53de7d499eb4442138a519c46475a5cde0/scr.png",
    "favicon": "/src/lib/assets/favicons/archive.is.png",
    "siteName": "archive.is",
    "lastFetched": "2025-05-24T11:08:51.449Z"
  },
  "https://www.deccanherald.com/india/karnataka/bengaluru/bbmp-chief-rides-tractor-through-flood-hit-sai-layout-3546518": {
    "url": "https://www.deccanherald.com/india/karnataka/bengaluru/bbmp-chief-rides-tractor-through-flood-hit-sai-layout-3546518",
    "title": "Bengaluru Rain Update, Sai Layout: BBMP chief rides tractor through flood-hit Sai Layout ",
    "description": "BBMP Chief Commissioner, Bengaluru Flood News: The situation in Sai Layout was so severe that the commissioner had to use a tractor to inspect the area.",
    "image": "https://images.deccanherald.com/deccanherald%2F2025-05-18%2Fiqxsdx83%2Ffile80oya4uqkf7qwmi78mx.jpg?rect=0%2C38%2C2048%2C1075&w=1200&ar=40%3A21&auto=format%2Ccompress&ogImage=true&mode=crop",
    "favicon": "/src/lib/assets/favicons/www.deccanherald.com.png",
    "siteName": "Deccan Herald",
    "lastFetched": "2025-05-24T11:08:59.701Z"
  },
  "https://www.thenewsminute.com/karnataka/videos-show-how-areas-bengaluru-s-hosakerehalli-were-flooded-within-hours-136054": {
    "url": "https://www.thenewsminute.com/karnataka/videos-show-how-areas-bengaluru-s-hosakerehalli-were-flooded-within-hours-136054",
    "title": "Videos show how areas in Bengaluru’s Hosakerehalli were flooded within hours ",
    "description": "With many places receiving 100 mm rainfall in just three hours starting from 4.30 pm, houses were flooded and even vehicles washed away. ",
    "image": "https://media.assettype.com/tnm%2Fimport%2Fsites%2Fdefault%2Ffiles%2FBengaluru_rain_flood_24102020_1_1200.jpg?w=1200&ar=40%3A21&auto=format%2Ccompress&ogImage=true&mode=crop&enlarge=true&overlay=false&overlay_position=bottom&overlay_width=100",
    "favicon": "/src/lib/assets/favicons/www.thenewsminute.com.png",
    "siteName": "The News Minute",
    "lastFetched": "2025-05-24T11:09:01.103Z"
  },
  "https://archive.is/qx7kk": {
    "url": "https://archive.is/qx7kk",
    "title": "Dr Nilima Srivastava on X: \"@anil_lulla @nBangalorepost @ChristinMP_ …",
    "description": "",
    "image": "https://archive.is/qx7kk/e7d92ffc801f613677b4160da62b19e5bb0a13f7/scr.png",
    "favicon": "/src/lib/assets/favicons/archive.is.png",
    "siteName": "archive.is",
    "lastFetched": "2025-05-24T11:09:06.530Z"
  },
  "https://bangaloremirror.indiatimes.com/bangalore/civic/nightmare-on-jp-nagar-streets-brief-rain-enough-to-sink-homes/articleshow/113135770.cms": {
    "url": "https://bangaloremirror.indiatimes.com/bangalore/civic/nightmare-on-jp-nagar-streets-brief-rain-enough-to-sink-homes/articleshow/113135770.cms",
    "title": "Nightmare on JP Nagar streets: Brief rain enough to sink homes",
    "description": "Residents first began noticing the problem in 2017, and it has only worsened with each passing year. A resident says that there is an inadequate stormwater drain (SWD) along 4th Cross, Dollar Layout which cannot handle the volume of water that pours down during heavy rains, leading to overflow and subsequent flooding of nearby houses.",
    "image": "https://static.toiimg.com/photo/imgsize-32276,msid-113135754/113135754.jpg",
    "favicon": "/src/lib/assets/favicons/bangaloremirror.indiatimes.com.png",
    "siteName": "Bangalore Mirror",
    "lastFetched": "2025-05-24T11:09:10.401Z"
  },
  "https://archive.is/DmMw0": {
    "url": "https://archive.is/DmMw0",
    "title": "SR🔱 on X: \"@ChristinMP_ @DKShivakumar @BBMPCOMM @BBMPofficial @BBMPA…",
    "description": "",
    "image": "https://archive.is/DmMw0/f1d8dd8cdc983d1c46ddca165dac654a491965a9/scr.png",
    "favicon": "/src/lib/assets/favicons/archive.is.png",
    "siteName": "archive.is",
    "lastFetched": "2025-05-24T11:09:18.828Z"
  },
  "https://archive.is/J3Bfj": {
    "url": "https://archive.is/J3Bfj",
    "title": "ಬೆಂಗಳೂರು ಸಂಚಾರ ಪೊಲೀಸ್ BengaluruTrafficPolice on X: \"Traffic advisory“…",
    "description": "",
    "image": "https://archive.is/J3Bfj/aae4cbd242bf1c678ee76a087b78679441c69c8d/scr.png",
    "favicon": "/src/lib/assets/favicons/archive.is.png",
    "siteName": "archive.is",
    "lastFetched": "2025-05-24T11:09:22.159Z"
  },
  "https://www.thehindu.com/news/national/karnataka/heavy-rain-brings-bengaluru-to-its-knees/article65854264.ece;https://www.deccanherald.com/india/karnataka/bengaluru/heavy-overnight-rain-floods-bengalurus-homes-and-major-roads-3242875": {
    "url": "https://www.thehindu.com/news/national/karnataka/heavy-rain-brings-bengaluru-to-its-knees/article65854264.ece;https://www.deccanherald.com/india/karnataka/bengaluru/heavy-overnight-rain-floods-bengalurus-homes-and-major-roads-3242875",
    "title": "www.thehindu.com",
    "description": "",
    "image": "",
    "favicon": "",
    "siteName": "www.thehindu.com",
    "error": "uri requested responds with a redirect, redirect mode is set to error: https://www.thehindu.com/news/national/karnataka/heavy-rain-brings-bengaluru-to-its-knees/article65854264.ece;https://www.deccanherald.com/india/karnataka/bengaluru/heavy-overnight-rain-floods-bengalurus-homes-and-major-roads-3242875",
    "lastFetched": "2025-05-24T11:09:32.125Z"
  },
  "https://archive.is/tHvBF": {
    "url": "https://archive.is/tHvBF",
    "title": "ಬೆಂಗಳೂರು ಸಂಚಾರ ಪೊಲೀಸ್ BengaluruTrafficPolice on X: \"“ಸಂಚಾರಸಲಹೆ / Traf…",
    "description": "",
    "image": "https://archive.is/tHvBF/948463f38872cb6631c68395532341804f48838f/scr.png",
    "favicon": "/src/lib/assets/favicons/archive.is.png",
    "siteName": "archive.is",
    "lastFetched": "2025-05-24T11:09:41.996Z"
  },
  "https://archive.is/irE86": {
    "url": "https://archive.is/irE86",
    "title": "ಬೆಂಗಳೂರು ಸಂಚಾರ ಪೊಲೀಸ್ BengaluruTrafficPolice on X: \"Traffic advisory“…",
    "description": "",
    "image": "https://archive.is/irE86/c76051f295d2b232082a25f3921121a42b4d578b/scr.png",
    "favicon": "/src/lib/assets/favicons/archive.is.png",
    "siteName": "archive.is",
    "lastFetched": "2025-05-24T11:09:46.700Z"
  },
  "https://www.newindianexpress.com/states/karnataka/2024/Aug/13/every-spell-leaves-bengaluru-in-a-flood-of-misery": {
    "url": "https://www.newindianexpress.com/states/karnataka/2024/Aug/13/every-spell-leaves-bengaluru-in-a-flood-of-misery",
    "title": "Every spell leaves Bengaluru in a flood of misery",
    "description": "Many residents, frustrated with having to put up with inconveniences every time the city receives heavy rain, said they don’t need a ‘Brand Bengaluru’ but a ‘Livable Bengaluru’.",
    "image": "https://media.assettype.com/newindianexpress%2F2024-08-13%2Fk3619aq8%2Flog%205120535.jpg?w=1200&ar=40%3A21&auto=format%2Ccompress&ogImage=true&mode=crop&enlarge=true&overlay=false&overlay_position=bottom&overlay_width=100",
    "favicon": "/src/lib/assets/favicons/www.newindianexpress.com.png",
    "siteName": "The New Indian Express",
    "lastFetched": "2025-05-24T11:09:49.479Z"
  },
  "https://archive.is/dFyXC": {
    "url": "https://archive.is/dFyXC",
    "title": "ಬೆಂಗಳೂರು ಸಂಚಾರ ಪೊಲೀಸ್ BengaluruTrafficPolice on X: \"“ಸಂಚಾರಸಲಹೆ / Traf…",
    "description": "",
    "image": "https://archive.is/dFyXC/cda00bf0c554ff3bcd30754b10c09dc7630384cc/scr.png",
    "favicon": "/src/lib/assets/favicons/archive.is.png",
    "siteName": "archive.is",
    "lastFetched": "2025-05-24T11:09:55.664Z"
  },
  "https://archive.is/D9tud": {
    "url": "https://archive.is/D9tud",
    "title": "ಬೆಂಗಳೂರು ಸಂಚಾರ ಪೊಲೀಸ್ BengaluruTrafficPolice on X: \"“ಸಂಚಾರಸಲಹೆ / Traf…",
    "description": "",
    "image": "https://archive.is/D9tud/dd370dd05941d052dc4769a2fe74138d2c731c3c/scr.png",
    "favicon": "/src/lib/assets/favicons/archive.is.png",
    "siteName": "archive.is",
    "lastFetched": "2025-05-24T11:09:58.754Z"
  },
  "https://www.deccanherald.com/india/karnataka/bengaluru/heavy-showers-ipl-crowd-cause-gridlock-3545732": {
    "url": "https://www.deccanherald.com/india/karnataka/bengaluru/heavy-showers-ipl-crowd-cause-gridlock-3545732",
    "title": "Heavy showers, IPL crowd cause gridlock",
    "description": "The Bruhat Bengaluru Mahanagara Palike (BBMP) received complaints of waterlogging from areas such as Nagavara Road, Domlur, and many others.",
    "image": "https://images.deccanherald.com/deccanherald%2F2025-05-17%2Fvgs54t1l%2Ffile80oe98qhk6v1ae1hqget.jpg?rect=0%2C0%2C3875%2C2034&w=1200&ar=40%3A21&auto=format%2Ccompress&ogImage=true&mode=crop",
    "favicon": "/src/lib/assets/favicons/www.deccanherald.com.png",
    "siteName": "Deccan Herald",
    "lastFetched": "2025-05-24T11:10:00.245Z"
  },
  "https://archive.is/rkOhx": {
    "url": "https://archive.is/rkOhx",
    "title": "ಬೆಂಗಳೂರು ಸಂಚಾರ ಪೊಲೀಸ್ BengaluruTrafficPolice on X: \"“ಸಂಚಾರಸಲಹೆ / Traf…",
    "description": "",
    "image": "https://archive.is/rkOhx/7ad708ee400b10da1b846d0be30061bfde492792/scr.png",
    "favicon": "/src/lib/assets/favicons/archive.is.png",
    "siteName": "archive.is",
    "lastFetched": "2025-05-24T11:10:04.822Z"
  },
  "https://www.deccanherald.com/india/karnataka/bengaluru/homes-flooded-roads-choked-yet-again-after-another-rain-spell-3240856": {
    "url": "https://www.deccanherald.com/india/karnataka/bengaluru/homes-flooded-roads-choked-yet-again-after-another-rain-spell-3240856",
    "title": "Homes flooded & roads choked, yet again, after another rain spell",
    "description": "Rainwater entered at least 100 homes in BEML Layout, RR Nagar, after a spell of heavy overnight rainfall. The railway tracks at the Kengeri station were also inundated. At least one lake is reported to have overflowed. \n",
    "image": "https://images.deccanherald.com/deccanherald%2F2024-10-20%2F9i2yvp5k%2Ffile7xoxp7nm8iozvkagn4i.jpg?rect=0%2C0%2C3873%2C2033&w=1200&ar=40%3A21&auto=format%2Ccompress&ogImage=true&mode=crop",
    "favicon": "/src/lib/assets/favicons/www.deccanherald.com.png",
    "siteName": "Deccan Herald",
    "lastFetched": "2025-05-24T11:10:09.211Z"
  },
  "https://archive.is/rjsvV": {
    "url": "https://archive.is/rjsvV",
    "title": "K.R.PURA TRAFFIC POLICE.BENGALURU. on X: \"ಸಂಚಾರ ಸಲಹೆ ವಿಜಿನಾಪುರ- FCI G…",
    "description": "",
    "image": "https://archive.is/rjsvV/b9188607608d316ff18573638c9b304e2a6b8a44/scr.png",
    "favicon": "/src/lib/assets/favicons/archive.is.png",
    "siteName": "archive.is",
    "lastFetched": "2025-05-24T11:10:12.974Z"
  },
  "https://www.deccanherald.com/india/karnataka/bengaluru/take-action-to-prevent-flooding-jp-nagar-residents-urge-bbmp-chief-1146560.html": {
    "url": "https://www.deccanherald.com/india/karnataka/bengaluru/take-action-to-prevent-flooding-jp-nagar-residents-urge-bbmp-chief-1146560.html",
    "title": "Take action to prevent flooding, JP Nagar residents urge BBMP chief",
    "description": "Residents also pointed to faulty designs of the shoulder drains in a few places that caused the back flow of water",
    "image": "https://images.deccanherald.com/deccanherald%2Fimport%2Fsites%2Fdh%2Ffiles%2Farticleimages%2F2022%2F09%2F20%2Fbangalore-rain-afp-1145233-1663235055-1145776-1663356753-1146560-1663613771.jpg?w=1200&ar=40%3A21&auto=format%2Ccompress&ogImage=true&mode=crop",
    "favicon": "/src/lib/assets/favicons/www.deccanherald.com.png",
    "siteName": "Deccan Herald",
    "lastFetched": "2025-05-24T11:10:18.161Z"
  },
  "https://archive.is/d3Arg": {
    "url": "https://archive.is/d3Arg",
    "title": "ಬೆಂಗಳೂರು ಸಂಚಾರ ಪೊಲೀಸ್ BengaluruTrafficPolice on X: \"“ಸಂಚಾರಸಲಹೆ / Traf…",
    "description": "",
    "image": "https://archive.is/d3Arg/8771559dccfc3b9d91bfa2a74f925085f859bf18/scr.png",
    "favicon": "/src/lib/assets/favicons/archive.is.png",
    "siteName": "archive.is",
    "lastFetched": "2025-05-24T11:10:21.025Z"
  },
  "https://www.deccanherald.com/india/karnataka/bengaluru/hosakerehalli-lake-breach-floods-houses-drenches-area-in-silt-1217316.html": {
    "url": "https://www.deccanherald.com/india/karnataka/bengaluru/hosakerehalli-lake-breach-floods-houses-drenches-area-in-silt-1217316.html",
    "title": "Hosakerehalli lake breach floods houses, drenches area in silt  ",
    "description": "Residents took visiting officers to task for 'destroying' the lake by carrying out works without a proper plan",
    "image": "https://images.deccanherald.com/deccanherald%2Fimport%2Fsites%2Fdh%2Ffiles%2Farticleimages%2F2023%2F05%2F10%2Ftree-uprooted-in-chamaraajapet-credit-dh-photo-prashanth-hg-1217316-1683667863.jpg?w=1200&ar=40%3A21&auto=format%2Ccompress&ogImage=true&mode=crop",
    "favicon": "/src/lib/assets/favicons/www.deccanherald.com.png",
    "siteName": "Deccan Herald",
    "lastFetched": "2025-05-24T11:10:22.983Z"
  },
  "https://www.thehindu.com/news/cities/bangalore/another-day-of-rain-waterlogged-roads-in-bengaluru/article69596538.ece": {
    "url": "https://www.thehindu.com/news/cities/bangalore/another-day-of-rain-waterlogged-roads-in-bengaluru/article69596538.ece",
    "title": "Another day of rain, waterlogged roads in Bengaluru",
    "description": "Bengaluru rain: The weatherman has forecast moderate to heavy rain or thundershowers accompanied by gusty winds for the next 48 hours in Bengaluru.",
    "image": "https://th-i.thgim.com/public/news/national/karnataka/i4rht9/article69596604.ece/alternates/LANDSCAPE_1200/Silk%20Board%20junction%20metro%20station.jpeg",
    "favicon": "/src/lib/assets/favicons/www.thehindu.com.png",
    "siteName": "The Hindu",
    "lastFetched": "2025-05-24T11:10:25.809Z"
  },
  "https://archive.is/cOUGK": {
    "url": "https://archive.is/cOUGK",
    "title": "ಬೆಂಗಳೂರು ಸಂಚಾರ ಪೊಲೀಸ್ BengaluruTrafficPolice on X: \"Traffic advisory“…",
    "description": "",
    "image": "https://archive.is/cOUGK/9c58cc9359c5736aa532f23ea60a20019a71ee94/scr.png",
    "favicon": "/src/lib/assets/favicons/archive.is.png",
    "siteName": "archive.is",
    "lastFetched": "2025-05-24T11:16:26.161Z"
  }
}